Distrito electoral local,Demarcación territorial,Sección electoral,PAN,PRI,PRD,PVEM,PT,MC,MORENA,CSP,PVEM_PT_MORENA,PAN_PRI_PRD,PAN_PRI,PAN_PRD,PRI_PRD,Votos nulos,Votos totales,Lista nominal,TOTAL PAN Y COALICIONES ,TOTAL MORENA Y COALICIONES ,DIFERENCIA PAN MORENA Y COALICIONES ,% PAN,% MORENA ,DIFERENCIA %,VISITADO,NO DE FIRMAS
15,Iztacalco,1672,171,55,27,0,0,71,0,27,424,16,3,0,0,12,806,1150,272,424,-152,33.75,52.61,-18.86,,
15,Iztacalco,1673,361,77,16,0,0,68,0,47,441,42,5,3,0,21,1082,1463,504,441,63,46.58,40.76,5.82,,
15,Iztacalco,1674,244,64,23,0,0,72,0,48,484,33,2,1,1,27,999,1333,367,484,-117,36.74,48.45,-11.71,,
15,Iztacalco,1675,366,84,26,0,0,92,0,23,581,34,8,0,0,28,1269,1727,518,581,-63,40.82,45.78,-4.96,,
15,Iztacalco,1676,189,67,27,0,0,61,0,29,450,25,3,0,0,25,877,1221,311,450,-139,35.46,51.31,-15.85,,
15,Iztacalco,1677,76,54,13,0,0,36,0,18,312,9,2,1,0,12,533,765,155,312,-157,29.08,58.54,-29.46,,
15,Iztacalco,1678,200,88,16,0,0,69,0,28,500,17,2,1,0,23,944,1429,324,500,-176,34.32,52.97,-18.64,,
15,Iztacalco,1679,221,60,20,0,0,56,0,29,353,15,4,0,0,11,769,1137,320,353,-33,41.61,45.9,-4.29,,
15,Iztacalco,1680,165,47,15,0,0,66,0,48,525,14,1,0,1,18,900,1268,242,525,-283,26.89,58.33,-31.44,,
15,Iztacalco,1681,193,57,11,0,0,55,0,44,505,14,4,1,0,22,906,1436,280,505,-225,30.91,55.74,-24.83,,
15,Iztacalco,1682,198,56,19,0,0,61,0,34,351,15,2,0,0,15,751,1023,290,351,-61,38.62,46.74,-8.12,,
15,Iztacalco,1683,281,79,27,0,0,70,0,54,489,22,5,0,0,17,1044,1470,414,489,-75,39.66,46.84,-7.18,,
15,Iztacalco,1684,192,57,16,0,0,57,0,33,349,24,1,1,1,12,743,1074,291,349,-58,39.17,46.97,-7.81,,
15,Iztacalco,1685,205,41,21,0,0,36,0,13,258,15,5,1,0,12,618,890,288,258,30,46.6,41.75,4.85,,
15,Iztacalco,1686,151,37,20,0,0,38,0,22,307,11,2,1,0,10,599,835,222,307,-85,37.06,51.25,-14.19,,
15,Iztacalco,1687,250,61,25,0,0,66,0,33,453,15,3,1,0,18,926,1249,355,453,-98,38.34,48.92,-10.58,,
15,Iztacalco,1688,238,78,20,0,0,67,0,39,592,17,2,0,0,23,1076,1605,355,592,-237,32.99,55.02,-22.03,,
15,Iztacalco,1689,126,48,14,0,0,43,0,24,239,7,2,0,0,12,515,766,197,239,-42,38.25,46.41,-8.16,,
15,Iztacalco,1690,171,54,17,0,0,56,0,25,331,9,2,0,0,24,689,1017,253,331,-78,36.72,48.04,-11.32,,
15,Iztacalco,1691,249,77,23,0,0,48,0,21,415,23,4,2,4,21,887,1232,378,415,-37,42.62,46.79,-4.17,,
15,Iztacalco,1692,141,38,22,0,0,55,0,32,381,11,2,1,0,18,701,1082,215,381,-166,30.67,54.35,-23.68,,
15,Iztacalco,1693,182,32,16,0,0,33,0,5,233,22,3,0,0,12,545,762,255,233,22,46.79,42.75,4.04,,
15,Iztacalco,1694,338,60,30,0,0,44,0,19,211,14,3,4,0,13,736,923,449,211,238,61.01,28.67,32.34,,
15,Iztacalco,1695,127,39,10,0,0,20,0,14,189,5,1,1,0,5,411,557,183,189,-6,44.53,45.99,-1.46,,
15,Iztacalco,1696,463,111,42,0,0,103,0,54,689,37,5,1,0,15,1521,2220,659,689,-30,43.33,45.3,-1.97,,
15,Iztacalco,1697,296,83,21,0,0,58,0,36,360,38,2,0,0,20,917,1247,440,360,80,47.98,39.26,8.72,,
15,Iztacalco,1698,358,93,31,0,0,98,0,59,612,41,3,0,1,22,1318,1904,526,612,-86,39.91,46.43,-6.53,,
15,Iztacalco,1699,236,64,40,0,0,65,0,66,599,24,1,1,0,30,1127,1598,366,599,-233,32.48,53.15,-20.67,,
15,Iztacalco,1700,63,18,12,0,0,28,0,8,172,18,3,0,1,7,330,497,114,172,-58,34.55,52.12,-17.58,,
15,Iztacalco,1701,300,109,37,0,0,87,0,57,587,29,5,1,0,19,1231,1748,481,587,-106,39.07,47.68,-8.61,,
15,Iztacalco,1702,230,76,25,0,0,52,0,36,483,24,0,1,0,23,950,1356,356,483,-127,37.47,50.84,-13.37,,
15,Iztacalco,1703,228,61,19,0,0,58,0,32,451,18,1,0,0,19,887,1320,327,451,-124,36.87,50.85,-13.98,,
15,Iztacalco,1704,207,64,37,0,0,36,0,26,423,16,4,3,1,15,832,1141,331,423,-92,39.78,50.84,-11.06,,
15,Iztacalco,1705,179,64,19,0,0,69,0,43,446,17,5,2,0,23,867,1210,286,446,-160,32.99,51.44,-18.45,,
15,Iztacalco,1706,154,56,16,0,0,32,0,65,305,10,3,0,1,14,656,1000,239,305,-66,36.43,46.49,-10.06,,
15,Iztacalco,1707,151,72,24,0,0,40,0,34,459,25,1,0,0,22,828,1178,273,459,-186,32.97,55.43,-22.46,,
15,Iztacalco,1708,184,63,12,0,0,42,0,34,411,19,6,1,0,19,791,1197,285,411,-126,36.03,51.96,-15.93,,
15,Iztacalco,1709,148,48,15,0,0,56,0,15,378,10,3,1,0,8,693,1061,225,378,-153,32.47,54.55,-22.08,,
15,Iztacalco,1710,143,72,19,0,0,46,0,31,362,21,4,0,0,16,714,992,259,362,-103,36.27,50.7,-14.43,,
15,Iztacalco,1711,165,55,16,0,0,40,0,28,377,16,3,1,0,17,719,999,256,377,-121,35.61,52.43,-16.83,,
15,Iztacalco,1712,164,51,15,0,0,42,0,22,378,7,5,0,0,16,700,1026,242,378,-136,34.57,54,-19.43,,
15,Iztacalco,1713,132,51,14,0,0,44,0,31,365,16,1,1,0,17,672,989,215,365,-150,31.99,54.32,-22.32,,
15,Iztacalco,1714,152,54,21,0,0,57,0,7,361,15,1,1,1,12,683,1023,244,361,-117,35.72,52.86,-17.13,,
15,Iztacalco,1715,159,48,21,0,0,47,0,24,331,18,4,0,0,11,664,952,250,331,-81,37.65,49.85,-12.2,,
15,Iztacalco,1716,148,56,10,0,0,58,0,31,404,15,0,1,0,19,743,1057,230,404,-174,30.96,54.37,-23.42,,
15,Iztacalco,1717,184,69,24,0,0,60,0,34,417,16,2,1,0,16,823,1232,296,417,-121,35.97,50.67,-14.7,,
15,Iztacalco,1718,174,57,25,0,0,57,0,34,462,20,2,0,1,17,849,1180,278,462,-184,32.74,54.42,-21.67,,
15,Iztacalco,1719,152,60,13,0,0,65,0,32,374,10,3,2,0,8,719,1055,240,374,-134,33.38,52.02,-18.64,,
15,Iztacalco,1720,180,70,20,0,0,57,0,34,529,11,5,3,0,13,924,1311,289,529,-240,31.28,57.25,-25.97,,
15,Iztacalco,1721,203,52,15,0,0,47,0,16,343,29,4,1,1,17,728,1050,304,343,-39,41.76,47.12,-5.36,,
15,Iztacalco,1722,148,54,17,0,0,64,0,27,383,9,2,0,2,10,729,1078,230,383,-153,31.55,52.54,-20.99,,
15,Iztacalco,1723,157,61,31,0,0,53,0,28,501,13,0,0,0,22,866,1348,262,501,-239,30.25,57.85,-27.6,,
15,Iztacalco,1724,247,51,27,0,0,40,0,41,407,18,3,1,0,18,855,1185,347,407,-60,40.58,47.6,-7.02,,
15,Iztacalco,1725,237,74,19,0,0,44,0,50,412,15,1,1,0,14,867,1176,347,412,-65,40.02,47.52,-7.5,,
15,Iztacalco,1726,146,72,25,0,0,48,0,24,455,20,1,2,1,11,805,1212,266,455,-189,33.04,56.52,-23.48,,
15,Iztacalco,1727,186,63,16,0,0,46,0,39,454,20,3,0,0,21,848,1210,288,454,-166,33.96,53.54,-19.58,,
15,Iztacalco,1728,166,48,21,0,0,45,0,31,507,22,4,0,0,17,861,1227,261,507,-246,30.31,58.89,-28.57,,
15,Iztacalco,1729,161,42,28,0,0,69,0,51,454,22,4,0,0,11,843,1213,257,454,-197,30.49,53.86,-23.37,,
15,Iztacalco,1730,243,55,38,0,0,79,0,68,690,16,0,1,0,30,1221,1871,353,690,-337,28.91,56.51,-27.6,,
15,Iztacalco,1731,207,67,22,0,0,66,0,35,597,28,6,5,0,21,1055,1589,335,597,-262,31.75,56.59,-24.83,,
15,Iztacalco,1732,218,56,34,0,0,36,0,0,460,16,0,1,0,8,851,1250,325,460,-135,38.19,54.05,-15.86,,
15,Iztacalco,1733,184,59,26,0,0,48,0,32,406,16,0,2,1,13,788,1154,287,406,-119,36.42,51.52,-15.1,,
15,Iztacalco,1734,284,61,34,0,0,54,0,21,520,23,0,1,0,19,1021,1522,403,520,-117,39.47,50.93,-11.46,,
15,Iztacalco,1735,216,67,29,0,0,41,0,34,384,20,3,2,0,14,812,1133,337,384,-47,41.5,47.29,-5.79,,
15,Iztacalco,1736,205,66,29,0,0,51,0,47,415,21,4,1,0,21,863,1243,326,415,-89,37.78,48.09,-10.31,,
15,Iztacalco,1737,199,71,25,0,0,60,0,31,496,21,5,0,0,18,926,1418,321,496,-175,34.67,53.56,-18.9,,
15,Iztacalco,1738,111,40,21,0,0,41,0,26,429,7,0,0,0,20,695,1031,179,429,-250,25.76,61.73,-35.97,,
15,Iztacalco,1739,83,41,15,0,0,41,0,17,296,7,0,0,0,22,522,844,146,296,-150,27.97,56.7,-28.74,,
15,Iztacalco,1740,213,40,21,0,0,56,0,78,522,17,1,0,1,16,965,1413,292,522,-230,30.26,54.09,-23.83,,
15,Iztacalco,1741,167,60,21,0,0,47,0,27,348,20,4,0,0,14,708,1025,272,348,-76,38.42,49.15,-10.73,,
15,Iztacalco,1742,190,66,25,0,0,50,0,49,520,23,2,0,0,20,946,1326,306,520,-214,32.35,54.97,-22.62,,
15,Iztacalco,1743,165,55,18,0,0,54,0,42,575,20,3,1,0,24,958,1402,262,575,-313,27.35,60.02,-32.67,,
15,Iztacalco,1744,165,63,22,0,0,39,0,34,486,13,4,1,0,16,843,1295,268,486,-218,31.79,57.65,-25.86,,
15,Iztacalco,1745,181,52,17,0,0,38,0,24,336,15,2,1,0,11,677,969,268,336,-68,39.59,49.63,-10.04,,
15,Iztacalco,1746,162,47,16,0,0,46,0,42,375,25,6,2,1,17,739,1033,258,375,-117,34.91,50.74,-15.83,,
15,Iztacalco,1747,118,51,11,0,0,56,0,38,384,10,1,1,0,15,685,1009,192,384,-192,28.03,56.06,-28.03,,
15,Iztacalco,1748,181,48,19,0,0,37,0,35,365,11,1,1,1,12,711,1175,261,365,-104,36.71,51.34,-14.63,,
15,Iztacalco,1749,159,67,23,0,0,54,0,36,471,10,5,0,0,21,846,1286,264,471,-207,31.21,55.67,-24.47,,
15,Iztacalco,1750,179,77,22,0,0,35,0,30,345,19,1,1,0,21,731,1018,299,345,-46,40.9,47.2,-6.29,,
15,Iztacalco,1751,156,51,24,0,0,46,0,25,360,17,1,0,0,20,700,1028,249,360,-111,35.57,51.43,-15.86,,
15,Iztacalco,1752,221,65,18,0,0,67,0,31,534,32,5,0,1,23,997,1391,341,534,-193,34.2,53.56,-19.36,,
15,Iztacalco,1753,147,65,19,0,0,57,0,30,641,12,1,0,0,28,1001,1477,244,641,-397,24.38,64.04,-39.66,,
15,Iztacalco,1754,204,101,26,0,0,107,0,33,774,18,1,1,0,28,1294,1914,351,774,-423,27.13,59.81,-32.69,,
15,Iztacalco,1755,193,59,23,0,0,68,0,39,529,16,3,0,1,18,949,1382,294,529,-235,30.98,55.74,-24.76,,
15,Iztacalco,1756,153,45,16,0,0,45,0,46,364,15,0,3,0,13,700,1019,232,364,-132,33.14,52,-18.86,,
15,Iztacalco,1757,126,40,18,0,0,31,0,32,443,12,0,1,0,13,716,1116,197,443,-246,27.51,61.87,-34.36,,
15,Iztacalco,1758,146,44,23,0,0,59,0,45,450,11,5,0,1,19,803,1190,229,450,-221,28.52,56.04,-27.52,,
15,Iztacalco,1759,122,35,16,0,0,40,0,24,295,16,1,1,1,12,563,809,191,295,-104,33.93,52.4,-18.47,,
15,Iztacalco,1760,28,6,4,0,0,13,0,12,88,4,0,0,0,9,164,219,42,88,-46,25.61,53.66,-28.05,,
15,Iztacalco,1761,162,45,22,0,0,52,0,19,351,10,1,0,0,19,695,973,240,351,-111,34.53,50.5,-15.97,,
15,Iztacalco,1762,217,54,26,0,0,57,0,33,566,16,2,0,0,24,1015,1564,315,566,-251,31.03,55.76,-24.73,,
15,Iztacalco,1763,173,44,19,0,0,50,0,28,493,13,4,2,0,38,864,1213,255,493,-238,29.51,57.06,-27.55,,
15,Iztacalco,1764,312,82,26,0,0,45,0,69,362,40,4,2,0,17,959,1226,466,362,104,48.59,37.75,10.84,,
15,Iztacalco,1765,236,66,25,0,0,53,0,15,380,19,3,1,1,16,834,1142,350,380,-30,41.97,45.56,-3.6,,
15,Iztacalco,1766,166,52,19,0,0,65,0,29,417,17,1,2,0,15,784,1177,257,417,-160,32.78,53.19,-20.41,,
15,Iztacalco,1767,142,43,12,0,0,40,0,31,485,12,2,0,0,10,777,1210,211,485,-274,27.16,62.42,-35.26,,
15,Iztacalco,1768,260,118,37,0,0,82,0,74,700,15,1,0,0,32,1329,1869,431,700,-269,32.43,52.67,-20.24,,
15,Iztacalco,1769,191,76,17,0,0,35,0,31,406,15,0,0,0,16,788,1273,299,406,-107,37.94,51.52,-13.58,,
15,Iztacalco,1770,251,89,32,0,0,66,0,44,675,34,2,0,0,25,1219,1766,408,675,-267,33.47,55.37,-21.9,,
15,Iztacalco,1771,365,88,36,0,0,54,0,55,542,29,20,2,1,22,1216,1613,540,542,-2,44.41,44.57,-0.16,,
15,Iztacalco,1772,436,101,32,0,0,61,0,36,581,54,3,0,1,28,1333,1866,626,581,45,46.96,43.59,3.38,,
15,Iztacalco,1773,279,47,13,0,0,35,0,15,200,25,5,0,0,7,627,804,369,200,169,58.85,31.9,26.95,,
15,Iztacalco,1774,356,56,16,0,0,26,0,11,212,22,6,0,0,11,716,905,456,212,244,63.69,29.61,34.08,,
15,Iztacalco,1775,232,43,7,0,0,18,0,9,140,13,0,0,0,5,467,575,295,140,155,63.17,29.98,33.19,,
15,Iztacalco,1776,357,82,28,0,0,63,0,39,489,44,2,0,0,24,1128,1490,513,489,24,45.48,43.35,2.13,,
15,Iztacalco,1777,237,61,9,0,0,23,0,23,220,23,2,1,1,10,610,792,333,220,113,54.59,36.07,18.52,,
15,Iztacalco,1778,237,62,16,0,0,25,0,28,165,18,7,0,0,11,570,755,340,165,175,59.65,28.95,30.7,,
15,Iztacalco,1779,233,69,38,0,0,49,0,40,406,30,8,1,0,16,890,1288,379,406,-27,42.58,45.62,-3.03,,
15,Iztacalco,1780,261,86,34,0,0,70,0,37,662,22,3,0,0,33,1208,1803,406,662,-256,33.61,54.8,-21.19,,
15,Iztacalco,1781,279,73,25,0,0,79,0,50,608,31,2,0,0,25,1175,1614,410,608,-198,34.89,51.74,-16.85,,
15,Iztacalco,1782,221,64,26,0,0,34,0,16,346,288,11,1,2,33,1042,1475,611,346,265,58.64,33.21,25.43,,
15,Iztacalco,1783,214,77,19,0,0,82,0,34,682,13,1,6,0,22,1150,1744,330,682,-352,28.7,59.3,-30.61,,
15,Iztacalco,1784,183,106,25,0,0,59,0,54,667,32,6,6,1,27,1169,1693,358,667,-309,30.62,57.06,-26.43,,
15,Iztacalco,1785,181,56,20,0,0,62,0,48,368,27,3,0,0,20,786,1038,287,368,-81,36.51,46.82,-10.31,,
15,Iztacalco,1786,180,76,26,0,0,66,0,53,458,25,1,0,0,25,912,1274,308,458,-150,33.77,50.22,-16.45,,
15,Iztacalco,1787,202,53,23,0,0,53,0,75,341,16,3,4,0,18,789,1053,301,341,-40,38.15,43.22,-5.07,,
15,Iztacalco,1788,196,64,16,0,0,42,0,37,278,15,2,0,0,12,662,890,293,278,15,44.26,41.99,2.27,,
15,Iztacalco,1789,205,57,21,0,0,40,0,45,416,23,3,0,0,12,822,1019,309,416,-107,37.59,50.61,-13.02,,
15,Iztacalco,1790,273,65,21,0,0,41,0,51,309,10,2,1,0,28,801,1077,372,309,63,46.44,38.58,7.87,,
15,Iztacalco,1791,252,81,26,0,0,71,0,68,395,23,5,2,0,22,947,1365,389,395,-6,41.08,41.71,-0.63,,
15,Iztacalco,1792,213,75,14,0,0,54,0,38,271,24,6,2,0,16,713,1003,334,271,63,46.84,38.01,8.84,,
15,Iztacalco,1793,164,66,25,0,0,62,0,57,538,22,5,0,1,12,952,1430,282,538,-256,29.62,56.51,-26.89,,
15,Iztacalco,1794,169,73,31,0,0,56,0,73,575,19,3,1,0,29,1029,1536,296,575,-279,28.77,55.88,-27.11,,
15,Iztacalco,1795,112,43,12,0,0,42,0,32,454,13,4,0,0,19,731,1114,184,454,-270,25.17,62.11,-36.94,,
15,Iztacalco,1796,164,62,23,0,0,54,0,57,633,20,0,2,0,21,1036,1648,271,633,-362,26.16,61.1,-34.94,,
15,Iztacalco,1797,181,65,31,0,0,66,0,33,457,11,1,0,0,18,863,1464,289,457,-168,33.49,52.95,-19.47,,
15,Iztacalco,1798,137,61,16,0,0,66,0,22,514,16,3,0,0,7,842,1325,233,514,-281,27.67,61.05,-33.37,,
15,Iztacalco,1799,240,63,14,0,0,48,0,52,292,24,1,0,0,16,751,1033,342,292,50,45.54,38.88,6.66,,
15,Iztacalco,1800,225,44,10,0,0,42,0,38,282,22,2,0,0,14,679,888,303,282,21,44.62,41.53,3.09,,
15,Iztacalco,1801,209,79,40,0,0,61,0,181,171,19,2,0,1,11,775,1018,349,171,178,45.03,22.06,22.97,,
15,Iztacalco,1802,157,67,27,0,0,59,0,60,350,14,3,1,0,12,750,1068,269,350,-81,35.87,46.67,-10.8,,
15,Iztacalco,1803,171,80,22,0,0,66,0,55,379,27,2,0,0,17,825,1133,302,379,-77,36.61,45.94,-9.33,,
15,Iztacalco,1804,224,53,24,0,0,56,0,47,363,7,16,1,0,25,848,1207,325,363,-38,38.33,42.81,-4.48,,
15,Iztacalco,1805,145,51,17,0,0,40,0,32,340,11,4,1,0,12,655,937,229,340,-111,34.96,51.91,-16.95,,
15,Iztacalco,1806,200,70,21,0,0,50,0,45,519,18,1,1,0,17,942,1364,311,519,-208,33.01,55.1,-22.08,,
15,Iztacalco,1807,190,88,25,0,0,63,0,34,515,19,2,0,2,32,970,1446,324,515,-191,33.4,53.09,-19.69,,
15,Iztacalco,1808,185,69,28,0,0,68,0,29,695,35,2,2,0,31,1160,1722,321,695,-374,27.67,59.91,-32.24,,
15,Iztacalco,1809,197,72,30,0,0,72,0,38,681,13,1,0,1,26,1131,1760,313,681,-368,27.67,60.21,-32.54,,
15,Iztacalco,1810,201,72,31,0,0,107,0,39,767,25,4,0,0,33,1280,2029,333,767,-434,26.02,59.92,-33.91,,
15,Iztacalco,1811,266,102,35,0,0,84,0,61,831,28,6,2,1,29,1446,2170,439,831,-392,30.36,57.47,-27.11,,
15,Iztacalco,1812,305,109,36,0,0,105,0,47,1011,38,8,2,1,38,1700,2598,498,1011,-513,29.29,59.47,-30.18,,
15,Iztacalco,1813,364,115,28,0,0,56,0,27,366,28,6,0,1,19,1011,1364,541,366,175,53.51,36.2,17.31,,
15,Iztacalco,1814,306,50,16,0,0,20,0,15,188,23,4,1,0,5,629,805,400,188,212,63.59,29.89,33.7,,
15,Iztacalco,1815,458,71,19,0,0,31,0,9,193,25,9,2,0,11,828,1069,584,193,391,70.53,23.31,47.22,,
15,Iztacalco,1816,249,34,6,0,0,11,0,11,92,10,0,0,0,13,426,513,299,92,207,70.19,21.6,48.59,,
15,Iztacalco,1817,293,34,5,0,0,25,0,0,143,19,4,1,1,9,540,687,356,143,213,65.93,26.48,39.44,,
15,Iztacalco,1818,107,13,6,0,0,9,0,4,61,3,2,0,0,0,205,246,131,61,70,63.9,29.76,34.15,,
15,Iztacalco,1819,445,81,18,0,0,37,0,29,198,32,4,0,1,6,852,1051,580,198,382,68.08,23.24,44.84,,
15,Iztacalco,1820,388,73,13,0,0,33,0,18,209,20,5,0,0,12,771,993,499,209,290,64.72,27.11,37.61,,
15,Iztacalco,1821,348,48,8,0,0,32,0,16,186,26,4,2,0,9,680,867,436,186,250,64.12,27.35,36.76,,
15,Iztacalco,1822,362,58,11,0,0,31,0,20,174,19,0,0,0,14,690,868,450,174,276,65.22,25.22,40,,
15,Iztacalco,1823,334,50,9,0,0,41,0,15,222,15,3,0,0,10,699,870,411,222,189,58.8,31.76,27.04,,
15,Iztacalco,1824,329,54,17,0,0,35,0,9,186,12,3,0,1,19,665,804,415,186,229,62.41,27.97,34.44,,
15,Iztacalco,1825,313,39,3,0,0,31,0,0,129,14,3,0,0,5,553,690,372,129,243,67.27,23.33,43.94,,
15,Iztacalco,1826,413,83,12,0,0,43,0,19,184,26,7,2,0,8,798,1025,543,184,359,68.05,23.06,44.99,,
15,Iztacalco,1827,80,40,21,0,0,31,0,23,311,9,3,1,0,12,531,785,154,311,-157,29,58.57,-29.57,,
15,Iztacalco,1828,54,19,7,0,0,26,0,21,187,10,0,0,0,7,331,490,90,187,-97,27.19,56.5,-29.31,,
15,Iztacalco,1829,177,27,5,0,0,11,0,8,125,12,2,0,0,8,375,462,223,125,98,59.47,33.33,26.13,,
15,Iztacalco,1830,480,67,17,0,0,33,0,16,180,19,3,2,1,5,823,1060,588,180,408,71.45,21.87,49.57,,
15,Iztacalco,1831,388,132,37,0,0,148,0,66,736,43,6,2,1,23,1583,2187,608,736,-128,38.41,46.49,-8.09,,
15,Iztacalco,1832,607,194,68,0,0,185,0,109,1361,72,8,2,11,37,2655,3891,951,1361,-410,35.82,51.26,-15.44,,
15,Iztacalco,1845,212,78,23,0,0,69,0,45,553,23,6,1,0,21,1031,1440,343,553,-210,33.27,53.64,-20.37,,
15,Iztacalco,1846,136,51,16,0,0,40,0,27,362,13,2,0,0,8,655,963,218,362,-144,33.28,55.27,-21.98,,
15,Iztacalco,1847,271,77,21,0,0,63,0,40,466,24,2,1,0,8,982,1333,396,466,-70,40.33,47.45,-7.13,,
15,Iztacalco,1848,122,42,22,0,0,41,0,42,289,12,0,1,0,4,575,814,199,289,-90,34.61,50.26,-15.65,,
15,Iztacalco,1849,169,58,19,0,0,54,0,34,421,17,4,1,1,9,787,1148,268,421,-153,34.05,53.49,-19.44,,
15,Iztacalco,1850,242,64,27,0,0,72,0,36,462,13,4,1,1,18,940,1280,351,462,-111,37.34,49.15,-11.81,,
15,Iztacalco,1851,206,58,20,0,0,65,0,31,524,19,1,1,0,13,938,1380,305,524,-219,32.52,55.86,-23.35,,
15,Iztacalco,1852,151,61,15,0,0,40,0,22,309,16,2,1,0,15,634,893,246,309,-63,38.8,48.74,-9.94,,
15,Iztacalco,1853,167,38,15,0,0,51,0,49,396,20,2,0,0,20,779,1051,242,396,-154,31.07,50.83,-19.77,,
15,Iztacalco,1868,143,55,17,0,0,51,0,36,434,17,3,0,0,19,775,1186,235,434,-199,30.32,56,-25.68,,
15,Iztacalco,1869,243,93,21,0,0,61,0,42,484,27,3,0,1,22,998,1438,387,484,-97,38.78,48.5,-9.72,,
15,Iztacalco,1870,293,83,21,0,0,87,0,71,614,35,7,1,3,30,1245,1731,440,614,-174,35.34,49.32,-13.98,,
15,Iztacalco,1871,176,56,28,0,0,53,0,38,397,22,1,0,0,17,788,1173,283,397,-114,35.91,50.38,-14.47,,
15,Iztacalco,1872,406,110,25,0,0,100,0,52,523,27,6,0,0,17,1267,1717,574,523,51,45.3,41.28,4.03,,
15,Iztacalco,1873,187,54,22,0,0,52,0,30,340,18,3,0,0,11,717,996,284,340,-56,39.61,47.42,-7.81,,
15,Iztacalco,1874,172,57,20,0,0,50,0,24,403,19,3,0,0,24,773,1121,271,403,-132,35.06,52.13,-17.08,,
15,Iztacalco,1875,219,78,20,0,0,53,0,27,461,22,4,1,1,17,904,1285,344,461,-117,38.05,51,-12.94,,
15,Iztacalco,1876,219,82,22,0,0,59,0,16,497,21,2,3,1,24,948,1370,349,497,-148,36.81,52.43,-15.61,,
15,Iztacalco,1877,130,54,14,0,0,37,0,21,385,16,3,0,0,17,677,974,217,385,-168,32.05,56.87,-24.82,,
15,Iztacalco,1878,192,64,23,0,0,53,0,39,378,21,1,0,0,16,787,1107,301,378,-77,38.25,48.03,-9.78,,
15,Iztacalco,1879,220,81,32,0,0,51,0,31,466,22,1,2,0,19,925,1329,358,466,-108,38.7,50.38,-11.68,,
15,Iztacalco,1880,180,54,22,0,0,53,0,31,352,19,3,0,0,25,739,1086,278,352,-74,37.62,47.63,-10.01,,
15,Iztacalco,1881,167,59,20,0,0,60,0,32,419,17,4,1,1,17,798,1173,268,419,-151,33.58,52.51,-18.92,,
15,Iztacalco,1882,172,52,25,0,0,28,0,29,276,6,3,0,0,17,608,815,258,276,-18,42.43,45.39,-2.96,,
15,Iztacalco,1883,268,89,25,0,0,48,0,34,503,29,10,2,0,19,1027,1431,423,503,-80,41.19,48.98,-7.79,,
15,Iztacalco,1884,166,55,24,0,0,51,0,26,426,24,2,0,1,7,782,1089,271,426,-155,34.65,54.48,-19.82,,
15,Iztacalco,1900,185,58,26,0,0,47,0,29,407,15,2,0,0,16,786,1076,286,407,-121,36.39,51.78,-15.39,,
15,Iztacalco,1903,143,40,13,0,0,55,0,31,288,8,0,0,0,17,595,850,204,288,-84,34.29,48.4,-14.12,,
15,Iztacalco,1945,263,84,25,0,0,89,0,40,505,32,7,0,0,15,1060,1521,411,505,-94,38.77,47.64,-8.87,,
15,Iztacalco,1946,166,60,20,0,0,36,0,26,328,11,6,2,0,20,676,960,265,328,-63,39.2,48.52,-9.32,,
15,Iztacalco,1947,222,83,18,0,0,61,0,45,530,21,1,0,1,28,1010,1365,345,530,-185,34.16,52.48,-18.32,,
15,Iztacalco,1948,330,71,13,0,0,42,0,38,244,30,4,1,0,11,785,1091,449,244,205,57.2,31.08,26.11,,
15,Iztacalco,1949,172,26,5,0,0,19,0,16,100,12,3,0,0,12,365,474,218,100,118,59.73,27.4,32.33,,
15,Iztacalco,1950,339,47,16,0,0,38,0,36,190,18,4,0,0,15,703,906,424,190,234,60.31,27.03,33.29,,
15,Iztacalco,1951,198,41,7,0,0,17,0,26,140,19,1,0,0,5,454,608,266,140,126,58.59,30.84,27.75,,
15,Iztacalco,1952,160,39,8,0,0,24,0,14,183,0,2,0,0,8,438,639,209,183,26,47.72,41.78,5.94,,
15,Iztacalco,1953,198,27,8,0,0,27,0,24,164,9,1,0,0,9,467,630,243,164,79,52.03,35.12,16.92,,
15,Iztacalco,1954,91,23,7,0,0,27,0,0,132,4,1,0,1,7,315,442,126,132,-6,40,41.9,-1.9,,
15,Iztacalco,1955,183,42,15,0,0,29,0,16,166,14,1,0,0,8,475,626,255,166,89,53.68,34.95,18.74,,
15,Iztacalco,1956,148,32,8,0,0,23,0,20,122,7,3,1,0,6,371,486,199,122,77,53.64,32.88,20.75,,
15,Iztacalco,1957,313,85,17,0,0,41,0,38,375,34,7,0,0,19,929,1454,456,375,81,49.09,40.37,8.72,,
15,Iztacalco,1958,212,66,11,0,0,29,0,25,189,16,1,1,0,12,564,783,307,189,118,54.43,33.51,20.92,,
15,Iztacalco,1959,256,54,21,0,0,31,0,50,306,26,3,1,0,18,766,999,361,306,55,47.13,39.95,7.18,,
15,Iztacalco,1960,239,105,46,0,0,59,0,54,609,41,4,2,0,27,1186,1749,437,609,-172,36.85,51.35,-14.5,,
15,Iztacalco,1961,163,68,16,0,0,49,0,11,368,17,1,2,1,21,718,1004,267,368,-101,37.19,51.25,-14.07,,
15,Iztacalco,1962,311,78,36,0,0,61,0,38,443,23,4,1,0,8,1004,1427,453,443,10,45.12,44.12,1,,
15,Iztacalco,1963,99,43,8,0,0,30,0,16,206,14,0,0,0,8,425,574,164,206,-42,38.59,48.47,-9.88,,
15,Iztacalco,1964,324,68,22,0,0,58,0,40,366,23,2,2,0,16,921,1242,441,366,75,47.88,39.74,8.14,,
15,Iztacalco,1965,141,34,14,0,0,19,0,20,219,11,0,1,0,8,467,642,201,219,-18,43.04,46.9,-3.85,,
15,Iztacalco,1966,147,28,13,0,0,29,0,15,170,6,0,0,1,9,418,603,194,170,24,46.41,40.67,5.74,,
15,Iztacalco,1967,269,63,15,0,0,44,0,28,255,16,2,1,1,21,715,1035,366,255,111,51.19,35.66,15.52,,
15,Iztacalco,1968,196,56,23,0,0,39,0,26,315,25,2,2,1,15,700,945,304,315,-11,43.43,45,-1.57,,
15,Iztacalco,1969,314,92,37,0,0,94,0,32,485,22,5,1,1,19,1102,1549,471,485,-14,42.74,44.01,-1.27,,
15,Iztacalco,1970,169,75,16,0,0,46,0,19,375,22,8,1,0,15,746,1058,291,375,-84,39.01,50.27,-11.26,,
